Keyword,Group,Search Intent,Priority,Target URL
biogas plant manufacturer India,Biogas,Commercial,High,https://biopower.co.in/biogas_plant.html
biogas plant manufacturer Bangalore,Biogas,Commercial,High,https://biopower.co.in/biogas-plant-bangalore.html
biogas plant Karnataka,Biogas,Commercial,High,https://biopower.co.in/biogas-plant-karnataka.html
portable biogas plant India,Biogas,Commercial,High,https://biopower.co.in/biogas_plant.html
institutional biogas plant,Biogas,Commercial,High,https://biopower.co.in/inst_comun.html
commercial biogas plant,Biogas,Commercial,High,https://biopower.co.in/inst_comun.html
biogas plant for hotels,Biogas,Commercial,High,https://biopower.co.in/biogas-plant-for-hotels.html
biogas plant for apartments,Biogas,Commercial,High,https://biopower.co.in/biogas-plant-for-apartments.html
biogas plant for colleges,Biogas,Commercial,Medium,https://biopower.co.in/biogas-plant-for-colleges.html
biogas plant cost India,Biogas,Informational,High,https://biopower.co.in/blog/biogas-plant-cost-in-india.html
biogas plant subsidy Karnataka,Biogas,Informational,High,https://biopower.co.in/blog/biogas-plant-subsidy-karnataka.html
how biogas plant works,Biogas,Informational,Medium,https://biopower.co.in/blog/how-biogas-plants-work.html
benefits of biogas plant,Biogas,Informational,Medium,https://biopower.co.in/blog/benefits-of-biogas-plants.html
biogas plant installation,Biogas,Commercial,High,https://biopower.co.in/contact.html
anaerobic digestion plant India,Biogas,Commercial,Medium,https://biopower.co.in/biogas_plant.html
food waste biogas plant,Biogas,Commercial,High,https://biopower.co.in/blog/food-waste-to-energy-guide.html
kitchen waste to biogas,Biogas,Informational,Medium,https://biopower.co.in/blog/food-waste-to-energy-guide.html
biogas plant 100 kg per day,Biogas,Commercial,Medium,https://biopower.co.in/inst_comun.html
biogas plant 1 ton per day,Biogas,Commercial,High,https://biopower.co.in/inst_comun.html
domestic biogas plant India,Biogas,Commercial,Medium,https://biopower.co.in/biogas_plant.html
wonderbin biogas,Biogas,Brand,Medium,https://biopower.co.in/biogas_plant.html
biogas digester manufacturer,Biogas,Commercial,High,https://biopower.co.in/biogas_plant.html
biogas plant near me,Biogas,Local,High,https://biopower.co.in/biogas-plant-bangalore.html
biogas plant Bengaluru,Biogas,Local,High,https://biopower.co.in/biogas-plant-bangalore.html
biogas plant Hennur,Biogas,Local,Medium,https://biopower.co.in/biogas-plant-bangalore.html
organic waste converter India,OWC,Commercial,High,https://biopower.co.in/owc.html
organic waste converter machine,OWC,Commercial,High,https://biopower.co.in/owc.html
OWC machine India,OWC,Commercial,High,https://biopower.co.in/owc.html
OWC machine Bangalore,OWC,Local,High,https://biopower.co.in/organic-waste-converter-bangalore.html
OWC Karnataka,OWC,Local,High,https://biopower.co.in/organic-waste-converter-karnataka.html
OWC for hotels,OWC,Commercial,High,https://biopower.co.in/owc-for-hotels.html
OWC for apartments,OWC,Commercial,High,https://biopower.co.in/owc-for-apartments.html
composting machine for apartments,OWC,Commercial,High,https://biopower.co.in/owc-for-apartments.html
automatic composting machine,OWC,Commercial,Medium,https://biopower.co.in/owc.html
food waste composting machine,OWC,Commercial,High,https://biopower.co.in/owc.html
OWC machine cost India,OWC,Informational,High,https://biopower.co.in/blog/owc-machine-cost.html
commercial composting machine,OWC,Commercial,Medium,https://biopower.co.in/blog/commercial-composting-solutions.html
apartment composting guide,OWC,Informational,Medium,https://biopower.co.in/blog/apartment-composting-guide.html
RWA waste management OWC,OWC,Commercial,Medium,https://biopower.co.in/owc-for-apartments.html
BBMP OWC compliance,OWC,Informational,High,https://biopower.co.in/blog/apartment-composting-guide.html
wonderbin composting machine,OWC,Brand,Medium,https://biopower.co.in/owc.html
organic waste management India,OWC,Informational,Medium,https://biopower.co.in/blog/organic-waste-management.html
composting vs biogas,OWC,Informational,Medium,https://biopower.co.in/blog/composting-vs-biogas.html
wet waste converter machine,OWC,Commercial,Medium,https://biopower.co.in/owc.html
OWC machine near me,OWC,Local,High,https://biopower.co.in/organic-waste-converter-bangalore.html
100 kg OWC machine,OWC,Commercial,Medium,https://biopower.co.in/owc.html
500 kg composting machine,OWC,Commercial,Medium,https://biopower.co.in/owc.html
hotel kitchen waste composting,OWC,Commercial,High,https://biopower.co.in/owc-for-hotels.html
STP plant manufacturer India,STP,Commercial,High,https://biopower.co.in/stp.html
sewage treatment plant India,STP,Commercial,High,https://biopower.co.in/stp.html
STP plant Bangalore,STP,Local,High,https://biopower.co.in/stp-plant-bangalore.html
STP Karnataka,STP,Local,High,https://biopower.co.in/stp-plant-karnataka.html
STP for apartments,STP,Commercial,High,https://biopower.co.in/stp-for-apartments.html
STP for industries,STP,Commercial,High,https://biopower.co.in/stp-for-industries.html
packaged STP plant,STP,Commercial,High,https://biopower.co.in/stp.html
MBBR STP plant,STP,Commercial,Medium,https://biopower.co.in/stp.html
SBR sewage treatment plant,STP,Commercial,Medium,https://biopower.co.in/stp.html
industrial STP design,STP,Informational,High,https://biopower.co.in/blog/industrial-stp-design-guide.html
STP cost India,STP,Informational,High,https://biopower.co.in/blog/stp-cost-in-india.html
how STP works,STP,Informational,Medium,https://biopower.co.in/blog/how-stp-works.html
wastewater treatment technologies,STP,Informational,Medium,https://biopower.co.in/blog/wastewater-treatment-technologies.html
effluent treatment plant India,STP,Commercial,High,https://biopower.co.in/stp-for-industries.html
KSPCB STP norms,STP,Informational,High,https://biopower.co.in/stp-plant-karnataka.html
sewage treatment for gated community,STP,Commercial,High,https://biopower.co.in/stp-for-apartments.html
water recycling STP,STP,Informational,Medium,https://biopower.co.in/blog/water-recycling-methods.html
prefabricated STP,STP,Commercial,Medium,https://biopower.co.in/stp.html
STP plant near me,STP,Local,High,https://biopower.co.in/stp-plant-bangalore.html
sewage treatment plant manufacturer Bangalore,STP,Local,High,https://biopower.co.in/stp-plant-bangalore.html
Bio CNG plant India,CBG,Commercial,High,https://biopower.co.in/cbg.html
Bio-CNG plant manufacturer,CBG,Commercial,High,https://biopower.co.in/cbg.html
CBG plant India,CBG,Commercial,High,https://biopower.co.in/cbg.html
compressed biogas plant,CBG,Commercial,High,https://biopower.co.in/cbg.html
Bio CNG Karnataka,CBG,Local,High,https://biopower.co.in/bio-cng-plant-karnataka.html
Bio CNG Bangalore,CBG,Local,High,https://biopower.co.in/bio-cng-plant-bangalore.html
CBG for food processing,CBG,Commercial,High,https://biopower.co.in/cbg-for-food-processing-industry.html
SATAT scheme CBG,CBG,Informational,High,https://biopower.co.in/blog/bio-cng-business-opportunities-india.html
Bio CNG business opportunities India,CBG,Informational,High,https://biopower.co.in/blog/bio-cng-business-opportunities-india.html
biogas upgrading to CNG,CBG,Informational,Medium,https://biopower.co.in/cbg.html
CBG plant cost India,CBG,Informational,Medium,https://biopower.co.in/cbg.html
waste to CBG plant,CBG,Commercial,High,https://biopower.co.in/cbg.html
municipal CBG plant,CBG,Commercial,Medium,https://biopower.co.in/bio-cng-plant-karnataka.html
GOBARDhan CBG,CBG,Informational,High,https://biopower.co.in/blog/biogas-plant-subsidy-karnataka.html
biomethane upgrading India,CBG,Commercial,Medium,https://biopower.co.in/cbg.html
Bio CNG for fleet,CBG,Commercial,Medium,https://biopower.co.in/cbg.html
biogas plant Whitefield,Bangalore,Local,Medium,https://biopower.co.in/biogas-plant-bangalore.html
biogas plant Electronic City,Bangalore,Local,Medium,https://biopower.co.in/biogas-plant-bangalore.html
OWC machine Bengaluru,Bangalore,Local,High,https://biopower.co.in/organic-waste-converter-bangalore.html
STP plant Bengaluru,Bangalore,Local,High,https://biopower.co.in/stp-plant-bangalore.html
waste management company Bangalore,Bangalore,Local,High,https://biopower.co.in/
biogas plant Mysuru,Karnataka,Local,Medium,https://biopower.co.in/biogas-plant-karnataka.html
biogas plant Hubballi,Karnataka,Local,Medium,https://biopower.co.in/biogas-plant-karnataka.html
OWC Karnataka,Karnataka,Local,High,https://biopower.co.in/organic-waste-converter-karnataka.html
STP plant Karnataka,Karnataka,Local,High,https://biopower.co.in/stp-plant-karnataka.html
waste to energy Karnataka,Karnataka,Commercial,High,https://biopower.co.in/
Bio CNG plant Karnataka,Karnataka,Local,High,https://biopower.co.in/bio-cng-plant-karnataka.html
Karnataka biogas subsidy,Karnataka,Informational,High,https://biopower.co.in/blog/biogas-plant-subsidy-karnataka.html
BIOPOWER,Brand,Navigational,High,https://biopower.co.in/
BPG Renewables,Brand,Navigational,High,https://biopower.co.in/about.html
BIOPOWER biogas,Brand,Navigational,Medium,https://biopower.co.in/biogas_plant.html
BIOPOWER OWC,Brand,Navigational,Medium,https://biopower.co.in/owc.html
BIOPOWER STP,Brand,Navigational,Medium,https://biopower.co.in/stp.html
Synod Bioscience biogas,Brand,Navigational,Low,https://biopower.co.in/about.html
biopower.co.in,Brand,Navigational,High,https://biopower.co.in/
BIOPOWER Bengaluru,Brand,Local,High,https://biopower.co.in/contact.html
BIOPOWER reviews,Brand,Navigational,Medium,https://biopower.co.in/
BIOPOWER contact,Brand,Navigational,High,https://biopower.co.in/contact.html
waste to energy company India,Biogas,Commercial,High,https://biopower.co.in/
sustainable waste management India,OWC,Informational,Medium,https://biopower.co.in/resources.html
hotel waste management India,OWC,Informational,High,https://biopower.co.in/blog/hotel-waste-management-guide.html
government subsidy biogas India,Biogas,Informational,High,https://biopower.co.in/blog/government-subsidies-for-biogas-plants.html
